{"loaded":true,"textures":{"moon_REPEAT_REPEAT":{}},"texturesInfos":{"moon_REPEAT_REPEAT":{"src":"./assets/textures/moon.png","min":9729,"max":9729,"wrapS":10497,"wrapT":10497}},"ViewMatrix":{"0":1,"1":0,"2":0,"3":0,"4":0,"5":1,"6":0,"7":0,"8":0,"9":0,"10":1,"11":0,"12":0,"13":0,"14":0,"15":1},"projectionMatrix":{"0":0.0010416667209938169,"1":0,"2":0,"3":0,"4":0,"5":0.0018518518190830946,"6":0,"7":0,"8":0,"9":0,"10":-0.009999999776482582,"11":0,"12":-1,"13":-1,"14":0,"15":1},"zindex":10,"time":1525451392704,"speed":1.08,"lastTime":1525451392704,"objects":[{"type":"static","texture":"moon_REPEAT_REPEAT","locked":false,"mirrorX":false,"mirrorY":false,"distance":"1","wrapX":"2","wrapY":"2","pos":{"0":971.27197265625,"1":540,"2":1},"size":{"0":300,"1":300,"2":1},"r":0,"visible":true,"bufferInfo":{"attribs":{"a_position":{"buffer":{},"numComponents":3,"type":5126,"normalize":false,"stride":0,"offset":0},"a_texcoord":{"buffer":{},"numComponents":2,"type":5126,"normalize":false,"stride":0,"offset":0}},"indices":{},"numElements":6,"elementType":5123},"layerViewMatrix":{"0":1,"1":0,"2":0,"3":0,"4":0,"5":1,"6":0,"7":0,"8":0,"9":0,"10":1,"11":0,"12":0,"13":0,"14":0,"15":1},"modelMatrix":{"0":300,"1":0,"2":0,"3":0,"4":0,"5":300,"6":0,"7":0,"8":0,"9":0,"10":1,"11":0,"12":971.27197265625,"13":540,"14":1,"15":1},"uniforms":{"u_modelViewProjection":{"0":0.3125000298023224,"1":0,"2":0,"3":0,"4":0,"5":0.555555522441864,"6":0,"7":0,"8":0,"9":0,"10":-0.009999999776482582,"11":0,"12":0.011741691268980503,"13":-1.7695128917694092e-8,"14":-0.009999999776482582,"15":1},"u_texture":{},"u_color":{"0":0.8784313797950745,"1":0.20392157137393951,"2":0.2705882489681244}},"color":"#e03445","screenX":821.27197265625,"screenY":390}],"terrain":null}